id	slug	category	tags	cohort	origin	tmpl	nobj	kinds	starter	idmin	idmax	ids	prereq	companions	sessioninfo	testperm	tcid	ft_solved	ft_total	bo2_solved	bo2_total	passk5_models_ft	passk5_models_bo2	opus_ft_5	opus_bo2_5	evidence	desc
CG-AL-H001	tax-calculator	business-logic				code-gen.md	0							CG-AL-H001.ProductType.al		Disabled	80101									no-passk-data	>-
CG-AL-H002	flowfield-calcformula	data-modeling				code-gen.md	0									Disabled	80002									no-passk-data	>-
CG-AL-H003	temporary-table-logic	advanced-patterns				code-gen.md	0									Disabled	80003									no-passk-data	>-
CG-AL-H004	enum-ordinal-trap	data-modeling				code-gen.md	0									Disabled	80004									no-passk-data	>-
CG-AL-H005	record-modify-trap	advanced-patterns				code-gen.md	0									Disabled	80006									no-passk-data	>-
CG-AL-H006	codeunit-single-instance	advanced-patterns				code-gen.md	0									Disabled	80007									no-passk-data	>-
CG-AL-H007	errorinfo-handling	error-handling				code-gen.md	0									Disabled	80008									no-passk-data	>-
CG-AL-H008	tryfunction-pattern	error-handling				code-gen.md	0									Disabled	80009									no-passk-data	>-
CG-AL-H009	currency-rounding	business-logic				code-gen.md	0									Disabled	80010									no-passk-data	>-
CG-AL-H010	integration-event	interfaces-events				code-gen.md	0									Disabled	80011									no-passk-data	>-
CG-AL-H011	query-aggregation	advanced-patterns				code-gen.md	0									Disabled	80012									no-passk-data	>-
CG-AL-H013	continue-keyword	business-logic				code-gen.md	0									Disabled	80014									no-passk-data	>-
CG-AL-H014	json-typed-getters	data-exchange				code-gen.md	0									Disabled	80015									no-passk-data	>-
CG-AL-H015	payment-gateway	interfaces-events				code-gen.md	0									Disabled	80015									no-passk-data	>-
CG-AL-H016	secrettext	error-handling				code-gen.md	0									Disabled	80017									no-passk-data	>-
CG-AL-H017	query-crossjoin	advanced-patterns				code-gen.md	0									Disabled	80018									no-passk-data	>-
CG-AL-H018	fluent-api	advanced-patterns				code-gen.md	0									Disabled	80019									no-passk-data	>-
CG-AL-H019	inherent-permissions	error-handling				code-gen.md	0									Disabled	80020									no-passk-data	>-
CG-AL-H020	list-parameter	advanced-patterns				code-gen.md	0									Disabled	80021									no-passk-data	>-
CG-AL-H021	interface-collections	interfaces-events				code-gen.md	0									Disabled	80021									no-passk-data	>-
CG-AL-H022	recordref-fieldref	advanced-patterns				code-gen.md	0						Y			Disabled	80022									no-passk-data	>-
CG-AL-H023	recordref-advanced	advanced-patterns				code-gen.md	0						Y	CG-AL-H023.MockTransformer.al		Disabled	80025									no-passk-data	>-
CG-AL-H024	recordref-field-by-name	advanced-patterns				code-gen.md	0						Y			Disabled	80124									no-passk-data	>-
CG-AL-H025	datatransfer-install	advanced-patterns				code-gen.md	0						Y			Disabled	80125									no-passk-data	>-
CG-AL-H026	record-recordref-conversion	advanced-patterns				code-gen.md	0						Y			Disabled	80126									no-passk-data	>-
CG-AL-H027	xrec-tableext-onaftermodify-inert	advanced-patterns				code-gen.md	0						Y			Disabled	80103									no-passk-data	>-
CG-AL-H028	fieldref-filter-roundtrip	advanced-patterns				code-gen.md	0						Y			Disabled	80228									no-passk-data	>-
CG-AL-H029	binary-fieldref-detect	advanced-patterns				code-gen.md	0						Y			Disabled	80229									no-passk-data	>-
CG-AL-H030	composite-pk-serialize	advanced-patterns				code-gen.md	0						Y			Disabled	80230									no-passk-data	>-
CG-AL-H031	flowfield-calcfield	advanced-patterns				code-gen.md	0						Y			Disabled	80231									no-passk-data	>-
CG-AL-H032	field-relation-nth	advanced-patterns				code-gen.md	0									Disabled	80232									no-passk-data	>-
CG-AL-H033	conditional-section-visibility	user-interface				code-gen.md	0									Disabled	80033									no-passk-data	>-
CG-AL-H034	commitbehavior-publisher	error-handling				code-gen.md	0						Y	CG-AL-H034.Subscriber.al		Disabled	80235									no-passk-data	>-
CG-AL-H035	secrettext-httpheaders	error-handling				code-gen.md	0									Disabled	80250									no-passk-data	>-
CG-AL-H036	secretstrsubstno-tokenparse	error-handling				code-gen.md	0									Disabled	80251									no-passk-data	>-
CG-AL-H037	datatransfer-upgrade-slice	advanced-patterns				code-gen.md	0						Y			Disabled	80252									no-passk-data	>-
CG-AL-H038	codeunit-run-atomic	error-handling				code-gen.md	0						Y			Disabled	80253									no-passk-data	>-
CG-AL-H039	upgradetag-idempotent	advanced-patterns				code-gen.md	0						Y			Disabled	80254									no-passk-data	>-
CG-AL-H040	upgradetag-subscriber	advanced-patterns				code-gen.md	0									Disabled	80255									no-passk-data	>-
CG-AL-H041	codeunit-run-defer-writes	advanced-patterns				code-gen.md	0						Y			Disabled	80256									no-passk-data	>-
CG-AL-H042	privacy-notice-consent	error-handling				code-gen.md	0									Disabled	80257									no-passk-data	>-
CG-AL-H043	uri-same-host-guard	security				code-gen.md	0									Disabled	80258									no-passk-data	>-
CG-AL-H050	collectible-errors-batch	error-handling				code-gen.md	0						Y			Disabled	80265									no-passk-data	>-
CG-AL-H051	mark-markedonly-preserve-filter	filtering				code-gen.md	0						Y			Disabled	80266									no-passk-data	>-
CG-AL-H052	filtergroup-protected-scope	filtering				code-gen.md	0						Y			Disabled	80267									no-passk-data	>-
CG-AL-H053	query-object-aggregation	performance				code-gen.md	0						Y			Disabled	80268									no-passk-data	>-
CG-AL-H054	singleinstance-bounded-fifo-cache	caching				code-gen.md	0									Disabled	80269									no-passk-data	>-
CG-AL-H056	this-keyword-codeunit-self-pass	codeunit-mechanics				code-gen.md	0									Disabled	80271									no-passk-data	>-
CG-AL-H057	page-onaftergetrecord-readonly	pages				code-gen.md	0						Y			Disabled	80272									no-passk-data	>-
CG-AL-H058	tempblob-base64-utf8-roundtrip	serialization				code-gen.md	0									Disabled	80273									no-passk-data	>-
CG-AL-H205	line-amount-engine-event	interfaces-events				code-gen.md	0							CG-AL-H205.Spy.al;CG-AL-H205.Subscriber.al		Disabled	80005									no-passk-data	>-
CG-AL-X001	manual-subscription	interfaces-events		ado-trap-2026		code-gen.md	0						Y			Disabled	80290									no-passk-data	>-
CG-AL-X002	codeunit-run-rollback	error-transactions		ado-trap-2026		code-gen.md	0						Y			Disabled	80291									no-passk-data	>-
CG-AL-X003	changelog-user-gate	error-transactions		ado-trap-2026		code-gen.md	0									Disabled	80292									no-passk-data	>-
CG-AL-X005	modify-after-loop	records-runtime		ado-trap-2026		code-gen.md	0						Y			Disabled	80294									no-passk-data	>-
CG-AL-X006	or-union-filter	business-logic		ado-trap-2026		code-gen.md	0						Y			Disabled	80295									no-passk-data	>-
CG-AL-X007	changecompany	records-runtime		ado-trap-2026		code-gen.md	0						Y			Disabled	80296									no-passk-data	>-
CG-AL-X008	startsession-commit	error-transactions		ado-trap-2026		code-gen.md	0						Y			Disabled	80297									no-passk-data	>-
CG-AL-X012	tablerelation-cascade	data-modeling		ado-trap-2026		code-gen.md	0						Y			Disabled	80301									no-passk-data	>-
CG-AL-X013	code-length-overflow	business-logic		ado-trap-2026		code-gen.md	0									Disabled	80302									no-passk-data	>-
CG-AL-X033	transferfields-bynumber	integration-serialization		ado-trap-2026	fable-designed	code-gen.md	0						Y			Disabled	80322									no-passk-data	>-
CG-AL-X034	enum-caption-name	reflection-datatransfer		ado-trap-2026	fable-designed	code-gen.md	0						Y			Disabled	80323									no-passk-data	>-
CG-AL-X035	poisoned-rescue	error-transactions		ado-trap-2026	fable-designed	code-gen.md	0						Y			Disabled	80324									no-passk-data	>-
CG-AL-X037	inner-commit	error-transactions		ado-trap-2026	fable-designed	code-gen.md	0						Y			Disabled	80326									no-passk-data	>-
CG-AL-X040	chatty-logger	error-transactions		ado-trap-2026	fable-designed	code-gen.md	0						Y			Disabled	80328									no-passk-data	>-
CG-AL-X041	protected-residue	error-transactions		ado-trap-2026	fable-designed	code-gen.md	0						Y			Disabled	80330									no-passk-data	>-
CG-AL-X043	field-cascade	integration-serialization		ado-trap-2026	community-idea	code-gen.md	0									Disabled	80332									no-passk-data	>-
CG-AL-X044	document-attachment	integration-serialization		ado-trap-2026	community-idea	code-gen.md	0						Y			Disabled	80333									no-passk-data	>-
CG-AL-X045	effective-terms	business-logic		ado-trap-2026	fable-designed	code-gen.md	0						Y			Disabled	80334									no-passk-data	>-
CG-AL-X046	borrowed-identity	integration-serialization		ado-trap-2026	fable-designed	code-gen.md	0						Y			Disabled	80335									no-passk-data	>-
CG-AL-X047	dimension-weld	records-runtime		ado-trap-2026	fable-designed	code-gen.md	0						Y			Disabled	80336									no-passk-data	>-
CG-AL-X050	borrowed-cursor	records-runtime		ado-trap-2026	fable-designed	code-gen.md	0						Y			Disabled	80340									no-passk-data	>-
CG-AL-X051	day-close	data-modeling		ado-trap-2026	fable-designed	code-gen.md	0						Y			Disabled	80341									no-passk-data	>-
CG-AL-X052	sealed-tariff	business-logic		ado-trap-2026	fable-designed	code-gen.md	0						Y			Disabled	80342									no-passk-data	>-
CG-AL-X055	continue-shadowed	business-logic	control-flow;continue-statement;name-resolution;list-of	ado-trap-2026	hand-authored	code-gen.md	0									Disabled	88808									no-passk-data	|-
CG-AL-X056	json-null-guard	business-logic	json;jsontoken;null-handling;guard-clause	ado-trap-2026	hand-authored	code-gen.md	0									Disabled	88809									no-passk-data	|-
CG-AL-X057	maxstrlen-unbounded	business-logic	text-length;maxstrlen;copystr;overflow	ado-trap-2026	hand-authored	code-gen.md	0									Disabled	88810									no-passk-data	|-
CG-AL-X058	find-current-key	records-runtime	find;current-key;non-key-field;dedup	ado-trap-2026	hand-authored	code-gen.md	0						Y			Disabled	88811									no-passk-data	|-
CG-AL-X059	testfield-polarity	records-runtime	testfield;enum-ordinal;field-validation;polarity	ado-trap-2026	hand-authored	code-gen.md	0						Y			Disabled	88812									no-passk-data	|-
CG-AL-X060	setloadfields-get	records-runtime	setloadfields;partial-records;get;primary-key	ado-trap-2026	hand-authored	code-gen.md	0						Y			Disabled	88813									no-passk-data	|-
CG-AL-X061	autocalc-after-fetch	records-runtime	flowfield;setautocalcfields;calcfields;record-buffer	ado-trap-2026	hand-authored	code-gen.md	0						Y			Disabled	88814									no-passk-data	|-
CG-AL-X062	bindsubscription-instance	integration-serialization	bindsubscription;event-subscriber;manual-instance;per-instance-binding	ado-trap-2026	hand-authored	code-gen.md	0						Y			Disabled	88815									no-passk-data	|-
CG-AL-X063	recordref-field-exists	records-runtime	recordref;fieldref;fieldexist;reflection	ado-trap-2026	hand-authored	code-gen.md	0						Y			Disabled	88816									no-passk-data	|-
CG-AL-X064	evaluate-failure-semantics	error-transactions	evaluate;return-value;error-suppression;text-parsing	ado-trap-2026	hand-authored	code-gen.md	0									Disabled	88817									no-passk-data	|-
CG-AL-X065	var-record-filter-wipe	business-logic	diagnose;var-record;filters;findset;borrowed-cursor	reasoning-100	hand-authored	diagnose.md	3	Codeunit:2,Table:1	Y	70200	70202	70200,70201,70202				Disabled	88818	30	30	30	30	6	6	5	5	measured-5trial	"'The application manages order lines. Codeunit ""CG X065 Repricer"" recalculates the ""Line Total"" of every order line in a category. Users report that after RepriceCategory runs for a category holding several lines, only one of the category''s lines ends up with an updated ""Line Total""; the others keep their previous value. Fix the application so RepriceCategory updates every line in the category.'"
CG-AL-X066	fifo-round-per-layer	rounding-allocation	diagnose;rounding;fifo-costing;cost-layers	reasoning-100	hand-authored	diagnose.md	3	Codeunit:1,Table:2	Y	70310	70312	70310,70311,70312				Disabled	88819	28	30	29	30	5	5	5	5	measured-5trial	"'Codeunit ""CG X066 Costing Engine"" recomputes the Shipment Cost of every outbound entry for an item from that item''s receipts, consuming them strictly oldest-first, and stores one ""CG X066 Shipment Cost"" row per outbound entry. Finance has noticed that for some items an outbound entry''s recorded Shipment Cost is a cent higher or lower than what the receipts it drew on actually cost, so the item'"
CG-AL-X067	manual-subscriber-global	interfaces-events	diagnose;event-subscriber;manual-instance;bindsubscription;ishandled-pattern	reasoning-100	hand-authored	diagnose.md	2	Codeunit:2	Y	70320	70321	70320,70321				Disabled	88820	5	30	10	30	0	2	1	5	irreducible-core-9,passk-n24-subset	"'The application calculates freight charges. Codeunit ""CG X067 Freight Calculator"" computes a default freight charge of 10% of the order amount, rounded to the nearest cent. Codeunit ""CG X067 Free Freight Promotion"" is meant to override that default with a charge of 0, but only for the one process that has explicitly turned the promotion on for its own call; every other caller should still see the"
CG-AL-X068	cross-column-filtergroup	business-logic	diagnose;filtergroup;cross-column-search;setfilter	reasoning-100	hand-authored	diagnose.md	4	Codeunit:2,Table:2	Y	70330	70333	70330,70331,70332,70333				Disabled	88821	18	30	26	30	1	4	3	5	passk-n24-subset	"'The application backs a contact search box: users type one search term and expect a hit whenever that term appears in a contact''s Name or its City. Support reports that codeunit ""CG X068 Search Svc""''s Search and SearchContactable procedures - backed by ""CG X068 Contact Search"" - only count a contact when the term shows up in the Name and the City at the same time. A contact whose name matches b"
CG-AL-X069	queue-scan-per-row-lookup	performance-diagnosis	diagnose;performance;n-plus-one;sql-counters;denormalization	reasoning-100	hand-authored	diagnose.md	3	Codeunit:1,Table:2	Y	70340	70342	70340,70341,70342			Y	Disabled	88822	17	30	20	30	2	3	5	5	passk-n24-subset	"'The application queues outbound Annual and Quarterly reference reports in table ""CG X069 Queue Entry"", each entry pointing back at the source record in table ""CG X069 Report Source"" that it reports on. Before closing an accounting period, codeunit ""CG X069 Reference Process"" calls HasPendingReferenceUpToPeriodEnd to check whether any Annual or Quarterly reference is still outstanding as of the pe"
CG-AL-X070	commit-outside-loop	error-transactions	diagnose;commit-placement;transaction-boundary;batch-processing;error-recovery	reasoning-100	hand-authored	diagnose.md	4	Codeunit:1,Enum:1,Table:2	Y	70350	70353	70350,70351,70352,70353				Disabled	88823	30	30	30	30	6	6	5	5	measured-5trial	"'The application imports batches of pending orders into permanent records. Codeunit ""CG X070 Import Batch"" exposes ImportBatch(BatchCode: Code[20]), which is meant to process every pending line of the given batch, in ascending Line No. order: a line with a blank Customer No. must fail with the standard field-guard error, a line whose Quantity is zero or negative must fail with an error mentioning "
CG-AL-X071	flowfield-cap-never-fires	business-logic	diagnose;event-subscriber;flowfield;release-workflow	reasoning-100	hand-authored	diagnose.md	7	Codeunit:2,Enum:2,Table:3	Y	70360	70366	70360,70361,70362,70363,70364,70365,70366				Disabled	88824	28	30	28	30	5	5	5	5	measured-5trial	"'The application manages sales orders for customers with per-customer order caps. Codeunit ""CG X071 Release Mgt"" exposes Release, which is supposed to refuse to release any order whose amount exceeds its sell-to customer''s ""Max Order Amount (LCY)"" (set on table ""CG X071 Customer""). Users report the cap has stopped working: Release always succeeds and the order''s Status becomes Released, no matte"
CG-AL-X072	subscriber-verdict-overwrite	interfaces-events	diagnose;event-subscriber;shared-var-parameter;monotonic-contract;subscriber-order	reasoning-100	hand-authored	diagnose.md	4	Codeunit:3,Table:1	Y	70370	70373	70370,70371,70372,70373				Disabled	88825	29	30	30	30	5	6	5	5	measured-5trial	"'The application manages a loyalty program''s priority-support eligibility. Table ""CG X072 Loyalty Candidate"" records each candidate''s lifetime spend, a manual VIP override, and the ""Priority Support Approved"" verdict; codeunit ""CG X072 Loyalty Gatekeeper""''s EvaluateAllPending procedure runs every candidate that has not yet been decided through EvaluateCandidate and writes the verdict back onto "
CG-AL-X073	rename-cascade-gap	business-logic	diagnose;rename;cascade;table-relation;sibling-table	reasoning-100	hand-authored	diagnose.md	4	Codeunit:1,Table:3	Y	70380	70383	70380,70381,70382,70383				Disabled	88826	30	30	30	30	6	6	5	5	measured-5trial	"'The application manages product categories, the products assigned to them, and saved report filters that summarize a category''s products. Codeunit ""CG X073 Category Rename Mgt."" renames a product category via RenameCategory and updates every affected product''s ""Category Code"" to match. Users report that after renaming a category, a report filter that was previously counting that category''s pro"
CG-AL-X074	getfilter-blank-sentinel	business-logic	diagnose;getfilter;blank-value;evaluate;scoping	reasoning-100	hand-authored	diagnose.md	4	Codeunit:1,Page:1,Table:2	Y	70390	70393	70390,70391,70392,70393				Disabled	88827	1	30	15	30	0	1	0	4	irreducible-core-9,passk-n24-subset	"'The application manages expense reports and their comment lines. Codeunit ""CG X074 Comment Mgt.""''s CountRelatedComments procedure is meant to report how many comment lines belong to whichever expense report is currently open in the Comments list. Users report that opening a brand-new, not-yet-saved expense report and viewing its Comments list takes a long time to respond, and the count it eventu"
CG-AL-X075	marked-union-reset	business-logic	diagnose;mark;markedonly;union-filter;reset-clears-marks	reasoning-100	hand-authored	diagnose.md	4	Codeunit:2,Table:2	Y	70400	70403	70400,70401,70402,70403				Disabled	88828	25	30	26	30	4	4	5	5	measured-5trial	"'The application manages campaign contacts for phone campaigns. Codeunit ""CG X075 Campaign Call List"" builds a caller''s call list from a target city and a minimum credit limit: contacts located in the target city, plus contacts whose credit limit meets the threshold, each visited exactly once when the caller iterates the shaped view afterwards. Users report that contacts who qualify only because "
CG-AL-X076	tryfunction-swallows-writes	error-transactions	diagnose;tryfunction;error-handling;legacy-import	reasoning-100	hand-authored	diagnose.md	3	Codeunit:2,Table:1	Y	70410	70412	70410,70411,70412				Disabled	88829	18	30	27	30	3	5	5	5	measured-5trial	"'The application imports legacy amount lines from a nightly feed. Codeunit ""CG X076 Import Job"" exposes ImportBatch, which calls ""CG X076 Legacy Importer""''s ImportLine once per line and counts how many lines were actually imported. A well-formed, non-negative amount text should produce one ""CG X076 Legacy Amount"" row for its entry code and count as imported; a badly-formed or negative amount text"
CG-AL-X077	validity-overlap-condition	business-logic	diagnose;interval-overlap;boolean-operator;blank-date-sentinel;temp-record	reasoning-100	hand-authored	diagnose.md	2	Codeunit:1,Table:1	Y	70420	70421	70420,70421				Disabled	88830	26	30	26	30	4	4	5	5	measured-5trial	"'The application manages an item''s price list validity windows. Codeunit ""CG X077 Validity Analyzer"" exposes MergeValidityPeriods, which combines the item''s windows into continuous coverage periods, and CountConflictingPairs, which counts how many pairs of windows actually overlap. Users report that CountConflictingPairs is significantly undercounting conflicts - most noticeably, an item''s open"
CG-AL-X078	royalty-accumulator-reset	business-logic	diagnose;accumulator-reset;var-parameter;running-total	reasoning-100	hand-authored	diagnose.md	3	Codeunit:1,Table:2	Y	70430	70432	70430,70431,70432				Disabled	88831	29	30	30	30	5	6	5	5	measured-5trial	"'The application manages royalty statements for licensed theatrical performances. Codeunit ""CG X078 Statement"" builds the statement for one agreement via BuildStatement, writing one line per performance into a ""CG X078 Statement Line"" buffer and returning the two summary totals, TotalAmount and TotalCredits. Users report that when statements for several agreements are generated back-to-back in the"
CG-AL-X079	penny-allocation-drift	rounding-allocation	diagnose;rounding;allocation;invariant;decimal	reasoning-100	hand-authored	diagnose.md	3	Codeunit:1,Table:2	Y	70440	70442	70440,70441,70442				Disabled	88832	19	30	20	30	2	2	5	5	passk-n24-subset	"'Codeunit ""CG X079 Charge Allocator"" spreads a ""CG X079 Charge Header"" record''s Total Charge Amount across its ""CG X079 Charge Line"" records in proportion to each line''s Weight, storing the result in each line''s Allocated Amount and marking the header Allocated. Finance has noticed that on some invoices the Allocated Amount values recorded on a charge''s lines do not add up to the header''s Tot"
CG-AL-X080	enum-wire-hardcoded-map	business-logic	diagnose;enum;extensible-enum;enumextension;wire-mapping	reasoning-100	hand-authored	diagnose.md	5	Codeunit:2,Enum:1,EnumExt:1,Table:1	Y	70450	70454	70450,70451,70452,70453,70454		CG-AL-X080.LateCarrierStatus.EnumExt.al		Disabled	88833	0	30	9	30	0	0	0	4	irreducible-core-9,passk-n24-subset	"'The application syncs shipment tracking status from a parcel carrier''s API. Codeunit ""CG X080 Shipment Status Sync"" receives a shipment number and the carrier''s numeric status code and stores the mapped status on ""CG X080 Shipment Tracking"". Since the carrier started returning a new status code, shipments carrying that status get stuck showing Unknown on the shipment tracking list, even though "
CG-AL-X081	line-default-blank-skip	interfaces-events	diagnose;event-subscriber;blank-guard;line-defaults	reasoning-100	hand-authored	diagnose.md	4	Codeunit:2,Table:2	Y	70460	70463	70460,70461,70462,70463				Disabled	88834	30	30	30	30	6	6	5	5	measured-5trial	"'The application manages order lines for graded items. Table ""CG X081 Item"" records each item''s optional ""Quality Grade""; table ""CG X081 Order Line"" carries its own ""Quality Grade"" field that is meant to always mirror whichever item is on the line, refreshed every time ""Item No."" is validated. Users report that order lines don''t reliably reflect the item''s grade. Adding a fresh line for a grade"
CG-AL-X082	http-retry-classification	integration-serialization	diagnose;http-retry;status-code-classification;backoff;retry-budget	reasoning-100	hand-authored	diagnose.md	4	Codeunit:2,Interface:1,Table:1	Y	70470	70472	70470,70471,70472		CG-AL-X082.MockHttpHandler.al;CG-AL-X082.NoStatusHttpHandler.al		Disabled	88835	30	30	30	30	6	6	5	5	measured-5trial	"'The application refreshes exchange rates from an external provider. The nightly refresh (RefreshRate in codeunit ""CG X082 Exchange Rate Sync"", which calls ""CG X082 Resilient Http Client"") is supposed to survive brief outages from the rates provider by retrying up to its attempt budget. In practice, whenever the provider answers with 429 (rate limited) or any 5xx status other than exactly 500 - fo"
CG-AL-X083	xml-default-namespace	integration-serialization	diagnose;xml;xpath;namespaces;xml-namespace-manager	reasoning-100	hand-authored	diagnose.md	3	Codeunit:2,Table:1	Y	70480	70482	70480,70481,70482				Disabled	88836	30	30	30	30	6	6	5	5	measured-5trial	"'The application imports FreightEx carrier shipment-status messages: codeunit ""CG X083 Shipment Import Mgt."" parses each incoming message and writes one row per shipment to the ""CG X083 Shipment Import Entry"" table. Since production traffic started arriving, every entry the import writes shows a Package Count of 0 and a Status of Empty Shipment, even for shipments that clearly are not empty. The s"
CG-AL-X084	calctotals-rebuild-quadratic	performance-diagnosis	diagnose;performance;quadratic-blowup;incremental-update;sql-counters	reasoning-100	hand-authored	diagnose.md	4	Codeunit:1,Table:3	Y	70490	70493	70490,70491,70492,70493			Y	Disabled	88837	19	30	19	30	3	3	5	5	measured-5trial	"'Codeunit ""CG X084 Total Mgt"" tracks which ledger entries have been applied in the current session and keeps a ""CG X084 Total Buffer"" row per applied entry showing that entry''s own remaining amount. Entering entries one at a time gets progressively slower the further into a session the user is - the first few entries feel instant, but by the time a hundred or more have been added, each new one vi"
CG-AL-X085	commit-locks-partial-state	error-transactions	diagnose;commit-placement;transaction-boundary;partial-write;error-recovery	reasoning-100	hand-authored	diagnose.md	3	Codeunit:1,Table:2	Y	70500	70502	70500,70501,70502				Disabled	88838	30	30	30	30	6	6	5	5	measured-5trial	"'The application manages batch headers that can be reissued from a configured template. Codeunit ""CG X085 Batch Reissue Mgt"" exposes Reissue(BatchNo: Code[20]), which is meant to replace the existing ""CG X085 Batch Header"" row for that batch number with a freshly built one: the new header copies its Description and Template Code from the ""CG X085 Reissue Setup"" record, stamps today''s date as its "
CG-AL-X086	silent-rename-skip	business-logic	diagnose;identity-merge;silent-skip;guard-clause;rename	reasoning-100	hand-authored	diagnose.md	4	Codeunit:2,Table:2	Y	70510	70513	70510,70511,70512,70513				Disabled	89083	24	30	28	30	3	4	5	5	measured-5trial	"'The application keeps a local ""CG X086 Contact"" record for every contact reported by an external feed. Codeunit ""CG X086 Feed Import"" reads each line of ""CG X086 Feed Line"" and calls codeunit ""CG X086 Contact Sync""''s SyncContact procedure, which updates the local contact''s Contact Id to whatever id the feed currently reports for it, then refreshes Company Name, VAT Registration No., Address, St"
CG-AL-X087	stale-copy-modify	interfaces-events	diagnose;event-subscriber;var-record;lost-update;stale-reference	reasoning-100	hand-authored	diagnose.md	4	Codeunit:3,Table:1	Y	70520	70523	70520,70521,70522,70523				Disabled	89084	30	30	30	30	6	6	5	5	measured-5trial	"'The application manages document headers that support being copied into new documents. Codeunit ""CG X087 Document Copy Mgt"" exposes CopyDocument, which creates a new document from an existing one; a correctly copied document ends up released, carries the reference recorded at the moment it was released, and is marked as audited. Users report that after CopyDocument runs, the new document is corre"
CG-AL-X088	guard-exits-unfiltered	business-logic	diagnose;var-record;early-exit;guard-clause	reasoning-100	hand-authored	diagnose.md	3	Codeunit:1,Table:2	Y	70530	70532	70530,70531,70532				Disabled	89085	30	30	30	30	6	6	5	5	measured-5trial	"'The application tracks search rules that must be completed before a search can run. Codeunit ""CG X088 Search Rule Mgt"" exposes HasIncompleteRules, which the Search Rules page consults to decide whether to warn the user that rules still need attention. Users report the warning shows on every page open, even after every rule has been marked complete. Turning off ""Advanced Filtering Enabled"" in the "
CG-AL-X089	per-item-price-lookup	performance-diagnosis	diagnose;performance;n-plus-one;sql-counters;bulk-lookup	reasoning-100	hand-authored	diagnose.md	3	Codeunit:1,Table:2	Y	70540	70542	70540,70541,70542			Y	Disabled	89086	18	30	25	30	2	3	5	5	measured-5trial	"'The application values item journal batches before posting. Codeunit ""CG X089 Batch Valuation"" exposes ValueByItem(TemplateName, BatchName): it returns a dictionary mapping each distinct item number appearing on the batch''s lines - where both the batch''s Template Name and Batch Name must match - to the total value of that item''s lines, each line''s Quantity times the item''s current ""CG X089 I"
CG-AL-X090	per-customer-lookup-cost	performance-diagnosis	diagnose;performance;n-plus-one;query-join;sql-counters	reasoning-100	hand-authored	diagnose.md	3	Codeunit:1,Table:2	Y	70550	70553	70550,70551,70553			Y	Disabled	89087	8	30	11	30	0	0	0	2	irreducible-core-9,passk-n24-subset	"'The application logs financial adjustments in table ""CG X090 Adjustment"", each row pointing back at the case it belongs to in table ""CG X090 Case"" by ""Case No."". Codeunit ""CG X090 Totals Report"" exposes TotalsByTeam, which returns the sum of adjustment amounts for every case whose ""Assigned Team"" matches a given filter, one total per team. The report used to return almost instantly; now that the "
CG-AL-X091	instance-cache-miss	performance-diagnosis	diagnose;setup-table;caching;sql-budget;session-scope	reasoning-100	hand-authored	diagnose.md	2	Codeunit:1,Table:1	Y	70560	70561	70560,70561			Y	Disabled	89088	29	30	30	30	5	6	5	5	measured-5trial	"'The application manages dispatch configuration in a single-row setup table, ""CG X091 Setup"". Codeunit ""CG X091 Setup Mgt"" exposes GetSetup and Invalidate, and is meant to read the row from the database at most once and then serve every later GetSetup call from memory, until something calls Invalidate. Testing shows the caching works fine as long as the same variable of the codeunit keeps being re"
CG-AL-X092	wire-format-locale	integration-serialization	diagnose;wire-format;locale;round-trip	reasoning-100	hand-authored	diagnose.md	1	Codeunit:1	Y	70570	70570	70570				Disabled	89089	25	30	27	30	5	5	5	5	measured-5trial	"'An extension exchanges documents with an external service through codeunit ""CG X092 Wire Format"". Its ToWireDate, FromWireDecimal, and FromWireDate procedures already produce and accept the same text on every server, whatever that server''s regional settings; ToWireDecimal does not. On a server whose regional settings differ from the wire format, ToWireDecimal can write a different decimal charac"
CG-AL-X093	json-build-locale	integration-serialization	diagnose;json;jsonobject;iso-8601;culture-invariant-numbers	reasoning-100	hand-authored	diagnose.md	3	Codeunit:1,Table:2	Y	70580	70582	70580,70581,70582				Disabled	89090	22	30	26	30	4	5	5	5	measured-5trial	"'Codeunit ""CG X093 Order Export"" builds the JSON payload a warehouse partner''s integration reads for each order, with an orderNo, customerNo and orderDate at the top level and one lines array entry per order line carrying lineNo, itemNo, description, quantity, unitPrice and lineAmount. Two problems have appeared since the partner went live. First, their intake system rejects the order whenever it"
CG-AL-X094	handled-event-gap	interfaces-events	diagnose;integration-event;ishandled-gate;event-subscriber;all-or-nothing-gate	ado-trap-2026	hand-authored	diagnose.md	2	Codeunit:2	Y	70590	70591	70590,70591		CG-AL-X094.OtherRule.Codeunit.al		Disabled	89091	30	30	30	30	6	6	5	5	measured-5trial	"'The application resolves reference codes for documents. Codeunit ""CG X094 Reference Engine"" exposes ResolveReference(Category, SourceNo, PeriodNo), which combines a resolved reference body with a mandatory fiscal-period segment that every reference must carry, whichever category it belongs to. Codeunit ""CG X094 Custom Rule"" supplies a custom reference body for category CUSTOM; every other categor"
CG-AL-X095	unpermitted-write	error-transactions	diagnose;permissions;tabledata-grant;posting-order	reasoning-100	hand-authored	diagnose.md	4	Codeunit:1,PermissionSet:1,Table:2	Y	70600	70603	70600,70601,70602,70603		CG-AL-X095.ModifyObserver.Codeunit.al		Restrictive	89092	18	30	23	30	2	4	4	5	passk-n24-subset	"'The application manages documents that get posted into an archive kept for record-keeping. Codeunit ""CG X095 Doc Poster"" exposes PostDocument, which records a document''s current description and amount as a new entry in the archive and then marks the document posted, and EditDescription, which updates a document''s description before it is posted. Users who have full rights to create, edit, and p"
CG-AL-X096	integration-stack-triage	integration-serialization	diagnose;composite;json;jsonobject;iso-8601;culture-invariant-numbers;http-retry;xml-namespaces;wire-format	reasoning-100	hand-authored	diagnose.md	11	Codeunit:6,Interface:1,Table:4	Y	70470	70582	70470,70471,70472,70480,70481,70482,70570,70580,70581,70582		CG-AL-X096.MockHttpHandler.Codeunit.al;CG-AL-X096.NoStatusHttpHandler.Codeunit.al		Disabled	89192	20	30	20	30	3	3	5	5	measured-5trial	"'The application is an integration stack for a warehouse and logistics partner network. It includes a resilient HTTP client that retries transient exchange-rate lookups, an XML importer that parses incoming shipment status messages, a wire-format codec that exchanges decimals and dates with partner systems, and codeunit ""CG X093 Order Export"", one of the stack''s export modules, which builds the J"
CG-AL-X097	pricing-engine-triage	business-logic	diagnose;composite;interval-overlap;boolean-operator;blank-date-sentinel;fifo-costing;allocation-invariant	reasoning-100	hand-authored	diagnose.md	8	Codeunit:3,Table:5	Y	70310	70442	70310,70311,70312,70420,70421,70440,70441,70442				Disabled	89193	22	30	22	30	4	4	5	5	measured-5trial	"'This application is a combined pricing and costing engine covering price-list validity windows, inventory shipment costing, and invoice charge allocation. Codeunit ""CG X077 Validity Analyzer"" exposes MergeValidityPeriods, which combines an item''s price-validity windows into continuous coverage periods, and CountConflictingPairs, which counts how many pairs of windows actually overlap. Users repo"
CG-AL-X098	event-wiring-triage	interfaces-events	diagnose;composite;event-subscriber;shared-var-parameter;ishandled-gate	reasoning-100	hand-authored	diagnose.md	12	Codeunit:9,Table:3	Y	70320	70591	70320,70321,70370,70371,70372,70373,70460,70461,70462,70463,70590,70591		CG-AL-X098.OtherRule.Codeunit.al		Disabled	89194	27	30	27	30	5	5	5	5	measured-5trial	'The application is an internal extension platform built around integration events: several independent business processes, among them freight calculation, order-line defaults, loyalty-program eligibility, and reference-code resolution, each publish an event that other parts of the platform subscribe to, so behavior can be added or overridden without changing the core process directly. Two complai
CG-AL-X099	performance-suite-triage	performance-diagnosis	diagnose;performance;n-plus-one;sql-counters;bulk-lookup;composite	reasoning-100	hand-authored	diagnose.md	14	Codeunit:4,Query:1,Table:9	Y	70340	70553	70340,70341,70342,70490,70491,70492,70493,70540,70541,70542,70550,70551,70552,70553			Y	Disabled	89195	22	30	22	30	3	3	5	5	measured-5trial	'The application is an operations backend covering four independent modules. A pending-reference queue reports whether any Annual or Quarterly reference is still due by a given period end. A session tracks which ledger entries have been applied and keeps a running total of their remaining amounts. A per-team report adds up adjustment amounts across every case currently assigned to a team. And a ba
CG-AL-X100	data-state-triage	business-logic	diagnose;composite;accumulator-reset;var-parameter;running-total;identity-merge;silent-skip;guard-clause;rename	reasoning-100	hand-authored	diagnose.md	14	Codeunit:7,Table:7	Y	70200	70513	70200,70201,70202,70400,70401,70402,70403,70430,70431,70432,70510,70511,70512,70513				Disabled	89196	26	30	26	30	3	3	5	5	measured-5trial	|-
CG-AL-X101	running-balance-order	business-logic	diagnose;running-balance;set-current-key;sort-order;statement	reasoning-100	hand-authored	diagnose.md	3	Codeunit:1,Table:2	Y	70610	70612	70610,70611,70612				Disabled	89295	23	30	27	30	2	4	5	5	measured-5trial	"'The application tracks account ledger entries and builds account statements from them. Codeunit ""CG X101 Statement Builder"" exposes RecordEntry, which posts one ledger entry under a single ledger-wide entry-number sequence and returns the assigned number, and BuildStatement, which fills a caller''s buffer with an account''s statement: only that account''s entries, newest first by posting date wit"
CG-AL-X102	snapshot-shares-view	records-runtime	diagnose;temporary-table;record-var;copy-semantics	reasoning-100	hand-authored	diagnose.md	2	Codeunit:1,Table:1	Y	70620	70621	70620,70621				Disabled	89296	10	30	25	30	1	4	5	5	passk-n24-subset	"'The application manages working calculation rows in a buffer table. Codeunit ""CG X102 Buffer Service"" offers two ways to hand those rows to a caller: TakeSnapshot, used by an audit trail that needs the rows exactly as they stood at one moment, permanently, and AttachSharedView, used by a live monitor that needs to keep following the working rows as they continue to change afterwards. A teammate i"
CG-AL-X103	blocked-yet-submittable	business-logic	diagnose;validation;fallback;wrong-field	reasoning-100	hand-authored	diagnose.md	3	Codeunit:1,Table:2	Y	70630	70632	70630,70631,70632				Disabled	89297	30	30	30	30	6	6	5	5	measured-5trial	"'Codeunit ""CG X103 Submitter"" exposes Guard, which validates a submission before it goes out, and BuildPayload, which derives the outbound notification e-mail for a submission. Users report two related problems. Some submissions are rejected by Guard even though BuildPayload would still derive a perfectly usable e-mail for them - Guard is blocking documents that would submit fine. Other submission"
CG-AL-X104	wipe-before-validate	error-transactions	diagnose;json;sync;empty-payload;all-or-nothing	reasoning-100	hand-authored	diagnose.md	3	Codeunit:1,Table:2	Y	70640	70642	70640,70641,70642				Disabled	89298	30	30	30	30	6	6	5	5	measured-5trial	"'The application manages price lists synced from a supplier feed. Codeunit ""CG X104 Price Sync"" replaces a price list''s lines from a JSON payload the feed returns. Users report that when the feed''s response is well-formed but happens to list no items, syncing a price list that already has prices wipes out every existing price on that list instead of being rejected. A response listing at least on"
CG-AL-X105	approver-pick-order	business-logic	diagnose;key-order;findfirst;enum-ordinal	reasoning-100	hand-authored	diagnose.md	4	Codeunit:2,Enum:1,Table:1	Y	70650	70653	70650,70651,70652,70653				Disabled	89299	29	30	29	30	5	5	5	5	measured-5trial	|-
CG-AL-X106	defensive-reread-wipe	interfaces-events	diagnose;event-subscriber;var-record;shared-record;lost-update	reasoning-100	hand-authored	diagnose.md	4	Codeunit:3,Table:1	Y	70660	70663	70660,70661,70662,70663				Disabled	89300	28	30	30	30	5	6	5	5	measured-5trial	"'The application manages documents that go through an archiving workflow. Codeunit ""CG X106 Archive Mgt"" exposes ArchiveDocument, which archives an existing document; a correctly archived document ends up carrying an enrichment note describing its total and an archive tag reflecting whether it qualifies as a priority document. Users report that after ArchiveDocument runs, the archived document cor"
CG-AL-X107	stamp-never-persists	interfaces-events	diagnose;integration-events;event-subscriber;var-record	reasoning-100	hand-authored	diagnose.md	4	Codeunit:2,Table:2	Y	70670	70673	70670,70671,70672,70673				Disabled	89301	29	30	30	30	5	6	5	5	measured-5trial	"'The application posts deals: codeunit ""CG X107 Deal Poster"" turns a deal header into a posted deal record via procedure PostDeal(SourceNo: Code[20]). The posted deal must carry the same ""Deal Reference"" value the deal header holds. Users report that every posted deal ends up with a blank ""Deal Reference"", regardless of what the deal header held. Fix the application so PostDeal always carries the "
CG-AL-X108	slow-check-every-time	performance-diagnosis	diagnose;singleinstance;caching;entitlement;sql-budget;session-scope	reasoning-100	hand-authored	diagnose.md	2	Codeunit:1,Table:1	Y	70680	70681	70680,70681			Y	Disabled	89302	30	30	30	30	6	6	5	5	measured-5trial	"'The application decides whether a customer''s entitled feature set is currently active through codeunit ""CG X108 Feature Gate"" and its single procedure IsFeatureActive. Every module a customer has registered lives as its own row in table ""CG X108 Module Registration"", each with its own entitlement flag, and IsFeatureActive is meant to walk that list once per session and remember the answer, so th"
CG-AL-X109	latest-entry-scan	performance-diagnosis	diagnose;performance;full-table-scan;sql-counters;key-order	reasoning-100	hand-authored	diagnose.md	2	Codeunit:1,Table:1	Y	70690	70691	70690,70691			Y	Disabled	89303	30	30	30	30	6	6	5	5	measured-5trial	"'The application tracks ""CG X109 Activity Entry"" rows posted under a ""Document No."". Codeunit ""CG X109 Entry Finder"" exposes FindLatest, which a support ""latest activity"" panel calls to show the single most recent entry posted under a given document number. The lookup always returns the right entry, but a document that has accumulated dozens or hundreds of entries makes every lookup visibly slower"
CG-AL-X110	repost-partial-batch	error-transactions	diagnose;posting;rerun;var-record	reasoning-100	hand-authored	diagnose.md	4	Codeunit:1,Enum:1,Table:2	Y	70700	70703	70700,70701,70702,70703				Disabled	89304	30	30	30	30	6	6	5	5	measured-5trial	"'The application posts miniature journal batches to a ledger. Table ""CG X110 Journal Line"" holds batch lines that carry a Status of Open or Posted; codeunit ""CG X110 Post Batch"" implements PostBatch(BatchName: Code[10]), which posts every currently open line of the named batch into table ""CG X110 Ledger Entry"" and marks each of those lines Posted. Users report that when PostBatch is called again o"
CG-AL-X111	child-lookup-crawls	performance-diagnosis	diagnose;performance;calcfields-in-loop;flowfield-per-row;sql-counters	reasoning-100	hand-authored	diagnose.md	2	Codeunit:1,Table:1	Y	70710	70711	70710,70711			Y	Disabled	89305	22	25	24	25	3	4	4	5	measured-5trial	"'Work items are organized into a checklist tree: table ""CG X111 Work Item"" stores each item together with a ""Parent No."" pointing at whichever item it is nested under, a Status of open or done, and its own Estimated Hours. Codeunit ""CG X111 Work Item Report"" exposes OpenSubItemHoursAcrossChecklist, a dashboard figure that adds up the estimated hours of every open sub-item across the whole checklis"
CG-AL-X112	summary-column-slows-list	performance-diagnosis	diagnose;performance;n-plus-one;sql-counters;bulk-preload	reasoning-100	hand-authored	diagnose.md	3	Codeunit:1,Table:2	Y	70720	70722	70720,70721,70722			Y	Disabled	89306	18	30	23	30	2	2	5	5	passk-n24-subset	"'The application manages Job Agreements. Each agreement can accumulate entries in table ""CG X112 Status Entry"" (a severity, a message, and whether it has been resolved). Given a batch of agreements and an as-of date, codeunit ""CG X112 Summary Builder""''s BuildSummaries reports, for every agreement in the batch, the most recently logged status entry that is still unresolved as of that date - or an "
CG-AL-X113	which-check-is-slow	performance-diagnosis	diagnose;performance;existence-check;isolate-defect;sql-counters	reasoning-100	hand-authored	diagnose.md	2	Codeunit:1,Table:1	Y	70730	70731	70730,70731			Y	Disabled	89307	30	30	30	30	6	6	5	5	measured-5trial	"'The application tracks dispatch queue entries in table ""CG X113 Dispatch Entry"", each row belonging to one dispatcher via ""Dispatcher Code"" and marked Pending or not. Codeunit ""CG X113 Dispatch Check"" backs a workload panel with three checks per dispatcher: HasPendingJobs, IsUnassigned, and PendingJobCount. The panel used to open instantly; now that some dispatchers'' queues have grown into the h"
CG-AL-X114	exact-six-hours-overpaid	business-logic	diagnose;boundary-condition;cross-procedure-consistency;code-as-spec	reasoning-100	hand-authored	diagnose.md	2	Codeunit:1,Table:1	Y	70740	70741	70740,70741				Disabled	89308	30	30	30	30	6	6	5	5	measured-5trial	"'The application tracks employee travel claims in codeunit ""CG X114 Allowance Calc"". Its CalculateAllowance procedure derives a travel allowance amount from a claim''s away-time in minutes, and RecalculateClaim stores that amount back onto the claim. A separate away-time statistics report classifies every claim into the same three bands (no allowance, a partial allowance, and the full allowance) u"
CG-AL-X115	same-moment-mismatch	business-logic	diagnose;spec-from-tests;boundary-induction;datetime;sql-rounding-tolerance	reasoning-100	hand-authored	diagnose.md	1	Codeunit:1	Y	70750	70750	70750				Disabled	89309	20	30	29	30	2	5	5	5	passk-n24-subset	|-
CG-AL-X116	remittance-amount-rejected	integration-serialization	diagnose;text-composition;culture-invariant-format;capacity-planning	reasoning-100	hand-authored	diagnose.md	1	Codeunit:1	Y	70760	70760	70760				Disabled	89310	15	25	18	25	2	3	5	5	measured-5trial	"'Your company pays vendors through a bank payment batch, and each payment carries a single free-text remittance line capped at 140 characters - all the receiving bank shows the vendor''s accountant when the money lands. Codeunit ""CG X116 Remittance Composer"" builds that line from the invoices covered by one payment, through two public procedures: AddInvoice(InvoiceNo: Text; Amount: Decimal), which"
CG-AL-X117	order-date-unreadable	integration-serialization	diagnose;xml;xmldocument;date-formatting;locale	reasoning-100	hand-authored	diagnose.md	3	Codeunit:1,Table:2	Y	70770	70772	70770,70771,70772				Disabled	89311	27	30	28	30	5	5	5	5	measured-5trial	"'The application exports a sales order to XML for a warehouse partner''s integration. Codeunit ""CG X117 Order Xml Export"" builds a <SalesOrder> document from an order''s fields and lines. The partner''s system has started filing several exported orders under the wrong calendar day, even though Business Central shows the correct date on the order. Every date the document carries must identify the c"
CG-AL-X118	legs-no-longer-balance	rounding-allocation	diagnose;rounding;currency-precision;balance-invariant	reasoning-100	hand-authored	diagnose.md	4	Codeunit:1,Table:3	Y	70780	70783	70780,70781,70782,70783				Disabled	89312	16	20	19	20	2	3	5	5	measured-5trial	'The application records journal entries as single lines. Each line names an Account No. and a Counter Account No., carries an Amount, and stores a Balancing Amount that must offset the Amount exactly, so the line''s two sides always net to zero. Validating the Counter Account No. on a line computes the Balancing Amount from the Amount already recorded on that line. Finance has noticed that on som
CG-AL-X119	blank-lines-on-export	business-logic	diagnose;fill-the-hole;dispatch;fallback-chain	reasoning-100	hand-authored	diagnose.md	8	Codeunit:1,Enum:1,Table:6	Y	70790	70797	70790,70791,70792,70793,70794,70795,70796,70797				Disabled	89313	19	20	19	20	3	3	5	5	measured-5trial	"'Table ""CG X119 Doc Line"" holds a document''s lines - each one is an Item, a G/L Account, a Resource, or a Charge. Codeunit ""CG X119 Exporter"" builds one export line per document line via BuildExportLines, filling in the export line''s Name, Seller ID, and Unit of Measure Code from the matching master record. On every document that has a Charge line, that line''s export row comes back with a blank"
CG-AL-X120	approval-stays-pending	business-logic	diagnose;pending-verification;hidden-superset;spec-from-tests	reasoning-100	hand-authored	diagnose.md	3	Codeunit:1,Table:2	Y	70800	70802	70800,70801,70802				Disabled	89314	19	25	24	25	3	4	5	5	measured-5trial	|-
CG-AL-X121	lines-not-recreated	business-logic	diagnose;onvalidate;sibling-trigger;dirty-flag;line-regeneration	reasoning-100	hand-authored	diagnose.md	3	Codeunit:1,Table:2	Y	70810	70812	70810,70811,70812				Disabled	89315	30	30	30	30	6	6	5	5	measured-5trial	"'The application manages service contracts. Each contract header carries a Plan Code and a Region Code, and codeunit ""CG X121 Contract Mgt"" builds the contract''s billing lines from those two values whenever the lines are refreshed. Users report that after they change a contract''s Region Code and refresh its billing lines, the lines still reflect the old region. Fix the application so that refres"
CG-AL-X122	unrelated-handler-fires	interfaces-events	diagnose;event-subscriber;manual-instance;per-instance-binding;unrelated-handler	reasoning-100	hand-authored	diagnose.md	6	Codeunit:4,Table:2	Y	70820	70826	70820,70821,70822,70823,70824,70826		CG-AL-X122.CancelSpy.Codeunit.al		Disabled	89316	21	30	21	30	2	2	5	5	passk-n24-subset	"'The application keeps an activity log for documents, recording each document release and each document cancellation as its own entry. Codeunit ""CG X122 Release Batch Runner"" runs nightly through codeunit ""CG X122 Document Processor"": it releases every open document whose amount is zero or higher, and cancels every open document whose amount is negative, as ordinary cleanup for bad data, and it wa"
CG-AL-X123	totals-slow-at-volume	performance-diagnosis	diagnose;performance;full-row-scan;sql-counters;aggregate-total	reasoning-100	hand-authored	diagnose.md	2	Codeunit:1,Table:1	Y	70830	70831	70830,70831			Y	Disabled	89317	30	30	30	30	6	6	5	5	measured-5trial	"'Codeunit ""CG X123 Project Hours"" exposes TotalHoursBilled, which the project dashboard calls to show how many hours have been logged against a project, drawn from table ""CG X123 Labor Entry"". For a project that has just started, the figure appears instantly; for a project that has been running a long time and has accumulated hundreds of logged entries, the same figure visibly hangs before it appe"
CG-AL-X124	shipment-totals-slow	performance-diagnosis	diagnose;performance;read-in-loop;same-row-write-invalidates-cache	reasoning-100	hand-authored	diagnose.md	3	Codeunit:1,Table:2	Y	70840	70842	70840,70841,70842			Y	Disabled	89318	30	30	30	30	6	6	5	5	measured-5trial	"'The application keeps a running summary on each shipment. Table ""CG X124 Shipment Header"" stores a Total Weight and a Line Count alongside the customer and route, and table ""CG X124 Shipment Line"" holds the individual lines. Codeunit ""CG X124 Shipment Totals"" exposes Recalculate(ShipmentNo), which brings a shipment''s stored Total Weight and Line Count back in step with the lines it currently has"
CG-AL-X125	prompt-appears-when-it-should-not	business-logic	diagnose;spec-from-tests;hidden-superset;policy-lookup;customer-classification;boolean-logic	reasoning-100	hand-authored	diagnose.md	6	Codeunit:2,Table:4	Y	70850	70855	70850,70851,70852,70853,70854,70855				Disabled	89319	26	30	29	30	5	5	5	5	measured-5trial	|-
CG-AL-X126	resized-image-off-by-one	business-logic	diagnose;spec-from-tests;boundary-induction;rounding	reasoning-100	hand-authored	diagnose.md	1	Codeunit:1	Y	70860	70860	70860				Disabled	89320	28	30	29	30	5	5	5	5	measured-5trial	|-
CG-AL-X127	denied-in-a-company-not-used	records-runtime	diagnose;multi-company;site-restriction;scope-of-check	reasoning-100	hand-authored	diagnose.md	3	Codeunit:1,Table:2	Y	70870	70872	70870,70871,70872				Disabled	89321	29	30	30	30	5	6	5	5	measured-5trial	"'The application manages job cards for work carried out at a site, each identified by a site code. Table ""CG X127 Site Setup"" records, per company, whether a given site code is currently under a restriction, and codeunit ""CG X127 Site Guard"" is consulted whenever a job card''s site code is set, refusing the job card when the site is restricted. Users report that a site code they use every day with"
CG-AL-X128	setting-changes-everywhere	records-runtime	diagnose;multi-company;data-per-company;shared-vs-isolated-setup	reasoning-100	hand-authored	diagnose.md	4	Codeunit:2,Table:2	Y	70880	70883	70880,70881,70882,70883				Disabled	89322	30	30	30	30	6	6	5	5	measured-5trial	|-
CG-AL-X129	hourly-pricing-not-implemented	business-logic	diagnose;fill-the-hole;stub;spec-from-siblings	reasoning-100	hand-authored	diagnose.md	3	Codeunit:1,Table:2	Y	70890	70892	70890,70891,70892				Disabled	89323	28	30	30	30	5	6	5	5	measured-5trial	"'The application prices service bookings. Table ""CG X129 Rate Card"" holds one card per tier and table ""CG X129 Booking"" holds the bookings, each naming its tier and the hours booked. Codeunit ""CG X129 Booking Pricer"" prices them: PriceBooking and RepriceTier record an amount onto a booking, QuoteHourly returns what an hourly booking would cost without recording anything, and PriceFlatFeeBooking an"
CG-AL-X130	second-view-goes-empty	records-runtime	diagnose;list-of-t;clear-rebinds;shared-list	reasoning-100	hand-authored	diagnose.md	2	Codeunit:2	Y	70901	70902	70901,70902				Disabled	89324	13	30	20	30	1	2	5	5	passk-n24-subset	"'The application manages onboarding for new customers. Codeunit ""CG X130 Signup Queue"" collects the ids of customers waiting for a welcome call, and codeunit ""CG X130 Outreach Tracker"" is attached to the queue so it can report at any time exactly which customers are still waiting, including customers who sign up after it starts watching. At the end of each business day, StartNewDay is called on th"
CG-AL-X131	flooded-validation-log	error-transactions	diagnose;collectible-errors;error-order;validation	reasoning-100	hand-authored	diagnose.md	2	Codeunit:1,Table:1	Y	70910	70911	70910,70911				Disabled	89351	30	30	30	30	6	6	5	5	measured-5trial	"'Table ""CG X131 Import Line"" holds staged order lines identified by ""Batch Code"" and ""Line No."", each carrying an ""Item No."", a Quantity, and a ""Unit Cost"". Codeunit ""CG X131 Import Checker"" exposes CheckLine, which checks one line against three rules, in this order - a blank ""Item No."", a Quantity that is not greater than zero, and a negative ""Unit Cost"" - and reports the problem for whichever ru"
CG-AL-X132	preview-writes-through	records-runtime	diagnose;istemporary-guard;dropped-guard;record-variable;twin-procedures	reasoning-100	hand-authored	diagnose.md	2	Codeunit:1,Table:1	Y	70920	70921	70920,70921				Disabled	89352	30	30	30	30	6	6	5	5	measured-5trial	"'The application defines a codeunit named ""CG X132 Balance Buffer"" with two procedures, ProcessBuffer and ArchiveBuffer, each documented to run only against a working copy of ""CG X132 Balance Line"" rows that the caller builds up in memory before committing anything, never against the real table directly. ProcessBuffer correctly refuses to run when it is handed the real table instead of a working c"
CG-AL-X133	slow-display-columns	performance-diagnosis	diagnose;performance;event-fanout;redundant-lookup;sql-counters	reasoning-100	hand-authored	diagnose.md	6	Codeunit:2,Table:4	Y	70930	70935	70930,70931,70932,70933,70934,70935			Y	Disabled	89353	0	30	5	30	0	1	0	5	irreducible-core-9,passk-n24-subset	"'The application tracks work assignments in table ""CG X133 Assignment"", each row carrying a ""No."", a ""Team Code"", an ""Owner Code"", and a ""Priority"". Table ""CG X133 Person"" holds each owner''s display name and table ""CG X133 Team"" holds each team''s display name, both keyed by ""Code"". Codeunit ""CG X133 Display Row Builder"" exposes BuildRows(TeamCode: Code[20]), which refreshes table ""CG X133 Displa"
CG-AL-X134	approval-portal-timeout	performance-diagnosis	diagnose;performance;eager-materialization;per-row-flowfield;sql-counters	reasoning-100	hand-authored	diagnose.md	5	Codeunit:1,Table:4	Y	70940	70944	70940,70941,70942,70943,70944			Y	Disabled	89354	26	30	29	30	5	5	5	5	measured-5trial	"'The application keeps an approval history for each approver. Table ""CG X134 History Entry"" records one row per approval action and points at the request in table ""CG X134 Request"" (which also exposes each request''s Paid Amount) by ""Request No."". Codeunit ""CG X134 History Loader"" exposes LoadRecentHistory(Approver, Buffer), which fills a caller-supplied buffer with the approver''s 20 most recent "
CG-AL-X135	released-refuses-to-post	business-logic	diagnose;state-machine;status;testfield;precondition-swap	reasoning-100	hand-authored	diagnose.md	4	Codeunit:1,Enum:1,Table:2	Y	70950	70953	70950,70951,70952,70953				Disabled	89355	30	30	30	30	6	6	5	5	measured-5trial	"'The application tracks orders through three statuses: Open, Released and Posted. Codeunit ""CG X135 Order Lifecycle"" exposes Release, Reopen and Post actions that operate on an order''s Status field. Release moves an Open order to Released. Reopen moves a Released order back to Open. Post moves a Released order to Posted, stamps ""Posted On"" with the work date, and adds the order to the posted orde"
CG-AL-X136	discount-lost-on-due-date	business-logic	diagnose;spec-from-tests;hidden-superset;dateformula;calcdate;term-order	reasoning-100	hand-authored	diagnose.md	2	Codeunit:1,Table:1	Y	70960	70961	70960,70961				Disabled	89356	28	30	29	30	5	5	5	5	measured-5trial	|-
CG-AL-X137	retry-skips-unposted-lines	error-transactions	diagnose;idempotency;retry;asserterror;in-memory-state;rollback;batch-posting	reasoning-100	hand-authored	diagnose.md	3	Codeunit:1,Table:2	Y	70970	70972	70970,70971,70972				Disabled	89357	27	30	27	30	5	5	5	5	measured-5trial	"'The application posts a batch of import lines into a ledger. Codeunit ""CG X137 Batch Poster"" exposes PostBatch(Batch No.), which posts every line of the named batch, plus PostedCountLastRun() and SkippedCountLastRun() reporting what the last run did. Users report that when a batch contains one invalid line, PostBatch correctly stops and posts nothing, as expected. But after they fix the bad line'"
CG-AL-X138	import-dies-not-implemented	business-logic	diagnose;fill-the-hole;stub;spec-from-siblings	reasoning-100	hand-authored	diagnose.md	4	Codeunit:1,Table:3	Y	70980	70983	70980,70981,70982,70983				Disabled	89358	24	30	28	30	3	5	5	5	measured-5trial	'The application ingests documents from an external partner system and matches them by the reference the partner sends. The partner resends the same reference formatted differently from one message to the next - dashes, slashes, dots, spaces and casing all vary freely for what is otherwise the same reference - and only the letters and digits in a reference actually identify it; a reference is iden
CG-AL-X139	silent-adjustment-loss	business-logic	diagnose;fill-the-hole;absent-branch;dispatch	reasoning-100	hand-authored	diagnose.md	5	Codeunit:1,Enum:1,Table:3	Y	70990	70994	70990,70991,70992,70993,70994				Disabled	89359	30	30	30	30	6	6	5	5	measured-5trial	"'Table ""CG X139 Adjustment Line"" holds a document''s stock adjustments - each line is an Increase, a Decrease, a Revalue, or a Transfer between two locations. Codeunit ""CG X139 Adjustment Poster"" posts a document''s lines via PostAdjustments, recording each line''s quantity movement in ""CG X139 Item Ledger Entry"" and updating the affected item and location''s balance in ""CG X139 Item Balance"". On "
CG-AL-X140	allocation-total-drift	rounding-allocation	diagnose;rounding;allocation;invariant;largest-remainder;order-independence	reasoning-100	hand-authored	diagnose.md	3	Codeunit:1,Table:2	Y	71000	71002	71000,71001,71002				Disabled	89360	14	30	14	30	0	0	4	4	irreducible-core-9,passk-n24-subset	"'Codeunit ""CG X140 Rebate Allocator"" spreads a ""CG X140 Rebate Header"" record''s Total Rebate Amount across its ""CG X140 Rebate Line"" records in proportion to each line''s Allocation Weight, storing the result in each line''s Rebate Amount and marking the header Allocated. Within a document that has weight to allocate, lines with an Allocation Weight of zero - the free-of-charge sample lines inclu"
CG-AL-X141	posting-backbone-triage	error-transactions	diagnose;composite;posting;rerun;var-record;idempotency;state-machine;running-balance;entanglement	reasoning-100	hand-authored	diagnose.md	15	Codeunit:5,Enum:2,Table:8	Y	70610	71010	70610,70611,70612,70700,70701,70702,70703,70950,70951,70952,70953,70970,70971,70972,71010				Disabled	89361	20	30	20	30	2	2	5	5	measured-5trial	"'The application is a finance operations backbone covering order lifecycle management, import batch posting, journal batch posting, and a period statement built from posted entries. Codeunit ""CG X135 Order Lifecycle"" moves an order between the Open, Released and Posted statuses, rejecting any action attempted from a status it does not support and leaving the order''s status, its posted-on date and"
CG-AL-X142	allocation-engine-triage	rounding-allocation	diagnose;composite;rounding;allocation;ledger-settlement;order-independence;largest-remainder;cross-module	reasoning-100	hand-authored	diagnose.md	13	Codeunit:5,Table:8	Y	70430	71040	70430,70431,70432,70780,70781,70782,70783,70830,70831,71000,71001,71002,71040			Y	Disabled	89362	6	30	6	30	0	0	1	1	irreducible-core-9,passk-n24-subset	"'This application is a billing engine covering rebate allocation and settlement, project labor-cost reporting, and royalty statements for licensed theatrical performances. A ""CG X140 Rebate Header"" document records a total rebate amount and a set of ""CG X140 Rebate Line"" records, each carrying an allocation weight; some lines are free-of-charge sample lines carrying no allocation weight at all. On"
CG-AL-X143	operations-dashboard-triage	performance-diagnosis	diagnose;performance;composite;dashboard;eager-materialization;sql-counters	reasoning-100	hand-authored	diagnose.md	17	Codeunit:6,Table:11	Y	70690	71071	70690,70691,70730,70731,70930,70931,70932,70933,70934,70935,70940,70941,70942,70943,70944,71070,71071			Y	Disabled	89363	29	30	29	30	5	5	5	5	measured-5trial	"'The application backs an operations dashboard for approvers. Table ""CG X134 History Entry"" records one row per approval action, each pointing at a request in table ""CG X134 Request"" (which also exposes each request''s Paid Amount) via ""Request No."". Table ""CG X133 Assignment"" holds work assignments, each with a ""No."", ""Team Code"", ""Owner Code"", and ""Priority"", and tables ""CG X133 Person"" and ""CG "
CG-AL-X144	intake-pipeline-triage	error-transactions	diagnose;composite;collectible-errors;error-order;validation;reference-matching;payment-terms;balance-review	reasoning-100	hand-authored	diagnose.md	13	Codeunit:5,Table:8	Y	70910	71205	70910,70911,70920,70921,70960,70961,70980,70981,70982,70983,71203,71204,71205				Disabled	89364	29	30	29	30	5	5	5	5	measured-5trial	|-
CG-AL-X145	inventory-network-triage	business-logic	diagnose;composite;absent-branch;silent-noop;event-subscriber;var-record;dirty-flag;line-regeneration;data-per-company;shared-vs-isolated-setup;cross-module-coupling	reasoning-100	hand-authored	diagnose.md	17	Codeunit:7,Enum:1,Table:9	Y	70670	71142	70670,70671,70672,70673,70810,70811,70812,70880,70881,70882,70883,70990,70991,70992,70993,70994,71142				Disabled	89365	28	30	28	30	5	5	5	5	measured-5trial	|-
CG-AL-X146	bonus-split-never-adds-up	business-logic	diagnose;accumulator-reset;rounding;allocation;largest-remainder;higher-order-defect	reasoning-100	hand-authored	diagnose.md	4	Codeunit:2,Table:2	Y	71301	71304	71301,71302,71303,71304				Disabled	89366	19	25	19	25	2	2	5	5	measured-5trial	"'The application supports a sales commission engine. Codeunit ""CG X146 Base Calculator""''s BuildBases procedure rebuilds a ""CG X146 Commission Line"" record for every salesperson who currently has at least one ""CG X146 Sales Entry"": that line''s Base Amount is the sum of exactly that salesperson''s own entries, nothing more and nothing less, however many other salespeople''s entries exist alongside"
CG-AL-X147	type-level-default-ignored	business-logic	diagnose;fill-the-hole;absent-branch	reasoning-100	hand-authored	diagnose.md	5	Codeunit:2,Enum:1,Table:2	Y	71310	71314	71310,71311,71312,71313,71314				Disabled	89367	30	30	30	30	6	6	5	5	measured-5trial	"'Table ""CG X147 Attribute Default"" holds the standard value set for an entity type, and any entity''s own value for a given attribute. Codeunit ""CG X147 Attribute Resolver"" resolves the value that applies to a specific entity and attribute via ResolveValue, and codeunit ""CG X147 Assignment Poster"" records that resolved value for an entity and attribute in ""CG X147 Assignment Entry"" via PostAssignm"
CG-AL-X148	child-falls-back-to-generic	business-logic	diagnose;fill-the-hole;absent-element;field-copy	reasoning-100	hand-authored	diagnose.md	5	Codeunit:2,Table:3	Y	71320	71324	71320,71321,71322,71323,71324				Disabled	89368	30	30	30	30	6	6	5	5	measured-5trial	"'Table ""CG X148 Volume Agreement"" records a customer agreement that may belong to a rebate group, identified by ""Rebate Group""; an agreement with no rebate group prices at the standard rebate. Codeunit ""CG X148 Agreement Distributor"" distributes an agreement across a set of shipping zones via DistributeToZones, creating one ""CG X148 Volume Agreement Line"" per zone that carries the agreement''s own"
CG-AL-X149	auto-line-fails-its-own-check	business-logic	diagnose;fill-the-hole;absent-element;posting	reasoning-100	hand-authored	diagnose.md	4	Codeunit:1,Table:3	Y	71330	71333	71330,71331,71332,71333				Disabled	89369	30	30	30	30	6	6	5	5	measured-5trial	"'Table ""CG X149 Allocation Header"" records the department code that applies to the document as a whole - anything posted for the document itself, rather than for one of its lines, belongs to that department. Table ""CG X149 Allocation Line"" holds a document''s allocation lines, each with its own department code and amount. Codeunit ""CG X149 Allocation Poster"" posts a document''s lines via PostAlloc"
CG-AL-X150	levels-do-not-reconcile	rounding-allocation	diagnose;rounding;allocation;invariant;largest-remainder;multi-level	reasoning-100	hand-authored	diagnose.md	4	Codeunit:1,Table:3	Y	71341	71344	71341,71342,71343,71344				Disabled	89370	17	30	17	30	3	3	5	5	measured-5trial	"'Codeunit ""CG X150 Budget Allocator"" spreads a ""CG X150 Budget Header"" record''s Total Amount across its ""CG X150 Department"" records in proportion to each department''s Weight, storing each department''s share in its Department Amount; it then spreads each department''s own Department Amount across that department''s ""CG X150 Team"" records in proportion to each team''s Weight, storing each team''"
CG-AL-X151	stale-flag-outlives-its-fix	records-runtime	diagnose;block-list;stale-read;write-paths;session-scope	reasoning-100	hand-authored	diagnose.md	2	Codeunit:1,Table:1	Y	71351	71352	71351,71352				Disabled	89371	30	30	30	30	6	6	5	5	measured-5trial	"'The application maintains a per-code block list. Codeunit ""CG X151 Block List"" exposes SetBlocked, ClearBlocked and IsBlocked: SetBlocked marks a code as blocked, ClearBlocked removes the block, and IsBlocked reports whether a code is currently blocked. To answer IsBlocked quickly, the codeunit keeps an in-memory copy of the block list for the rest of the session instead of reading the table on e"
CG-AL-X152	reimport-dies-on-duplicate	error-transactions	diagnose;dictionary;last-wins;duplicate-key;atomicity;rollback;config-import	reasoning-100	hand-authored	diagnose.md	2	Codeunit:1,Table:1	Y	71361	71362	71361,71362				Disabled	89372	29	30	30	30	5	6	5	5	measured-5trial	"'The application stores per-profile integration settings imported from a semicolon-separated key=value configuration string. Codeunit ""CG X152 Config Importer"" exposes ImportConfig(Profile Code, Config), which parses the string and saves each setting for that profile, plus GetSetting(Profile Code, Setting Key) and SettingExists(Profile Code, Setting Key) for reading a saved setting back. Configura"
CG-AL-X153	distinct-list-slow-at-volume	performance-diagnosis	diagnose;performance;distinct-values;isolate-defect;sql-counters	reasoning-100	hand-authored	diagnose.md	2	Codeunit:1,Table:1	Y	71370	71371	71370,71371			Y	Disabled	89373	17	30	21	30	3	3	5	5	measured-5trial	'The application logs every field-service call in CG X153 Service Call, each call carrying the Site Code where it happened and the Technician Code of whoever handled it - technicians are never tracked anywhere else, so the call log is the only record of who has worked a site. Codeunit CG X153 Technician Directory exposes GetTechnicianCodes(SiteCode, var TechnicianCodes): the scheduling board calls
CG-AL-X154	every-company-gets-one-rate	records-runtime	diagnose;multi-company;data-per-company;cross-company-statement;singleinstance-cache	reasoning-100	hand-authored	diagnose.md	5	Codeunit:3,Table:2	Y	71380	71384	71380,71381,71382,71383,71384				Disabled	89374	28	30	29	30	5	5	5	5	measured-5trial	|-
CG-AL-X155	group-members-look-unrestricted	business-logic	diagnose;group-membership;enum;keys;table	reasoning-100	hand-authored	diagnose.md	5	Codeunit:1,Enum:1,Table:3	Y	71391	71395	71391,71392,71393,71394,71395				Disabled	89375	30	30	30	30	6	6	5	5	measured-5trial	"'The application manages per-user access restrictions for named functional areas. Codeunit ""CG X155 Access Resolver""''s GetEffectiveRestriction reports the restriction level in force for a given user and area: Unrestricted, Read-Only, or Blocked. A user can be restricted directly for an area, and separately, every group a user belongs to can carry its own restriction for that same area; the restri"
CG-AL-X156	waiting-orders-locked-like-released	business-logic	diagnose;state-machine;status-guard;over-broad-condition	reasoning-100	hand-authored	diagnose.md	3	Codeunit:1,Enum:1,Table:1	Y	71400	71402	71400,71401,71402				Disabled	89376	30	30	30	30	6	6	5	5	measured-5trial	"'Table ""CG X156 Requisition"" records a purchase requisition identified by ""No."", carrying a ""Description"" and a ""Quantity"", and a status that starts at Open, advances to ""Pending Approval"" once the requisition is submitted, advances to ""Prepayment Wait"" once its prepayment is confirmed, and finally advances to Released. Codeunit ""CG X156 Requisition Mgt"" exposes SubmitForApproval, ConfirmPrepaymen"
CG-AL-X157	date-window-total-ignores-window	data-modeling	diagnose;flowfield;date-window;period-reporting;unlinked-calcformula	reasoning-100	hand-authored	diagnose.md	4	Codeunit:1,Table:3	Y	71410	71413	71410,71411,71412,71413				Disabled	89377	30	30	30	30	6	6	5	5	measured-5trial	"'Table ""CG X157 Cost Center"" tracks activity for a cost center, recorded in ""CG X157 Cost Entry"" as individual entries, each with its own posting date and amount. Codeunit ""CG X157 Period Statement"" reports figures for a cost center over a caller-chosen date range: GetPeriodAmount returns the net amount posted to a cost center within a given From Date and To Date, inclusive of both, and BuildState"
CG-AL-X158	shown-quantity-fails-its-own-check	business-logic	diagnose;wrong-basis-compare;unit-of-measure;quantity-check	reasoning-100	hand-authored	diagnose.md	3	Codeunit:1,Table:2	Y	71420	71422	71420,71421,71422				Disabled	89378	30	30	30	30	6	6	5	5	measured-5trial	"'Table ""CG X158 Item"" records an item''s on-hand stock in ""Qty on Hand (Base)"", together with ""Base Qty per Sales Unit"", the amount of that stock quantity one sales unit of the item represents. Table ""CG X158 Order Line"" records an order line''s ""Quantity"" for a given ""Item No."" in sales units. Codeunit ""CG X158 Fulfillment"" exposes CanFulfill, which reports whether a line''s quantity is covered b"
CG-AL-X159	every-save-visits-every-company	performance-diagnosis	diagnose;performance;cross-company;redundant-check;isolate-defect;sql-counters	reasoning-100	hand-authored	diagnose.md	3	Codeunit:1,Table:2	Y	71430	71432	71430,71431,71432			Y	Disabled	89379	30	30	30	30	6	6	5	5	measured-5trial	"'A contact''s email must be unique across every company in the system - it must never collide with another contact''s email in any company, not just the one currently open. Codeunit ""CG X159 Contact Mgt"" exposes SaveContact(var Contact, NewEmail): it checks whether NewEmail already belongs to a different contact anywhere in the system, refuses the save and leaves the contact''s email untouched if "
CG-AL-X160	refunds-not-implemented	business-logic	diagnose;fill-the-hole;stub;spec-from-siblings	reasoning-100	hand-authored	diagnose.md	4	Codeunit:1,Enum:1,Table:2	Y	71440	71443	71440,71441,71442,71443				Disabled	89380	26	30	29	30	5	5	5	5	measured-5trial	"'The application manages prepaid wallets for a service. Table ""CG X160 Wallet"" holds one record per wallet: its current balance and a running total of everything ever charged to it. Table ""CG X160 Wallet Entry"" is the wallet''s ledger, one row per posting. Codeunit ""CG X160 Wallet Mgt"" posts against a wallet: PostCharge takes money out of a wallet to pay for something, refusing when the wallet doe"
CG-AL-X161	second-carrier-never-quotes	interfaces-events	diagnose;fill-the-hole;stub;interface-implementation;enum-dispatch	reasoning-100	hand-authored	diagnose.md	8	Codeunit:3,Enum:1,Interface:1,Table:3	Y	71450	71456	71450,71451,71452,71453,71454,71455,71456				Disabled	89381	29	30	29	30	5	5	5	5	measured-5trial	"'The application quotes and screens shipments for two carriers, Standard and Express, through a shared rate-quoting contract; codeunit ""CG X161 Rate Dispatcher"" resolves whichever carrier is named on a shipment and asks it for a quote or whether it can carry the shipment. Standard''s side works correctly: its quotes reflect its own configured rate bands and zone surcharges for the requested weight"
CG-AL-X162	entries-filed-under-wrong-company	records-runtime	diagnose;multi-company;consolidation;session-scoped-value;company-attribution	reasoning-100	hand-authored	diagnose.md	4	Codeunit:2,Table:2	Y	71460	71463	71460,71461,71462,71463				Disabled	89382	29	30	30	30	5	6	5	5	measured-5trial	"'Codeunit ""CG X162 Consolidator""''s CollectReadings walks every company on the database and copies each company''s meter readings into a single collected list, recording which company each reading came from. Staff have found that in the collected list, every reading appears to have come from the same company - readings that were actually recorded by the other company show up filed under this compa"
CG-AL-X163	consolidated-total-counts-one-company	records-runtime	diagnose;multi-company;group-total;per-branch-amounts;cross-company-aggregation	reasoning-100	hand-authored	diagnose.md	4	Codeunit:2,Table:2	Y	71470	71473	71470,71471,71472,71473				Disabled	89383	29	30	30	30	5	6	5	5	measured-5trial	|-
CG-AL-X164	restricted-role-crashes-on-save	error-transactions	diagnose;permissions;write-guard;audit-role	reasoning-100	hand-authored	diagnose.md	5	Codeunit:1,PermissionSet:2,Table:2	Y	71480	71484	71480,71481,71482,71483,71484				Restrictive	89384	17	30	22	30	2	3	5	5	passk-n24-subset	"'The application manages requests that get submitted for processing, with an optional usage trail kept for auditing. Codeunit ""CG X164 Request Mgt"" exposes SubmitRequest, which validates a request''s amount, records the request, and is meant to also log a usage entry for roles that are allowed to maintain the usage trail, plus CountTraces, which reports how many usage entries exist for a given req"
CG-AL-X165	statement-page-slows-with-history	performance-diagnosis	diagnose;performance;redundant-per-row-reads;sql-counters	reasoning-100	hand-authored	diagnose.md	6	Codeunit:1,Table:5	Y	71490	71495	71490,71491,71492,71493,71494,71495			Y	Disabled	89385	9	30	10	30	0	0	3	4	irreducible-core-9,passk-n24-subset	"'The application tracks freight shipments in table ""CG X165 Shipment"", each row carrying a ""No."", a ""Carrier Code"", a ""Route Code"", and a ""Priority"". Table ""CG X165 Carrier"" holds each carrier''s display name and surcharge percentage, keyed by ""Code"", and table ""CG X165 Route"" holds each route''s display name, keyed by ""Code"". Table ""CG X165 Shipment Line"" holds each shipment''s freight lines, eac"
CG-AL-X166	rebuilt-balances-crawl-at-volume	performance-diagnosis	diagnose;performance;per-row-rescan;write-invalidated-cache;prefix-sum;sql-counters	reasoning-100	hand-authored	diagnose.md	4	Codeunit:1,Table:3	Y	71500	71503	71500,71501,71502,71503			Y	Disabled	89386	15	30	27	30	2	4	5	5	passk-n24-subset	"'The application keeps a running statement for each account. Table ""CG X166 Account"" holds each account''s name and its current closing balance. Table ""CG X166 Ledger Entry"" records each posting on an account, carrying a posting date and an amount. Codeunit ""CG X166 Statement Builder"" exposes RebuildStatement(AccountNo), which rebuilds table ""CG X166 Statement Line"" for that account: one line per "
CG-AL-X167	duplicate-check-slows-both-ledgers	performance-diagnosis	diagnose;performance;per-row-join;setloadfields-jit;sql-counters	reasoning-100	hand-authored	diagnose.md	5	Codeunit:1,Enum:1,Table:3	Y	71510	71514	71510,71511,71512,71513,71514			Y	Disabled	89387	2	25	15	25	0	0	1	4	measured-5trial	"'The application reconciles a source''s imported ledger entries against an already-posted ledger to catch duplicates. Table ""CG X167 Import Entry"" holds each imported entry''s number, an external reference code, an amount, and the source code it came from. Table ""CG X167 Posted Entry"" holds each already-posted entry''s number, its own external reference code, and its amount. Codeunit ""CG X167 Dupl"
CG-AL-X168	deep-groups-stall-the-rollup	performance-diagnosis	diagnose;performance;hierarchy-rollup;repeated-subtree-walk;sql-counters	reasoning-100	hand-authored	diagnose.md	4	Codeunit:1,Table:3	Y	71520	71523	71520,71521,71522,71523			Y	Disabled	89388	10	30	16	30	1	2	5	5	passk-n24-subset	"'The application organizes cost centers in table ""CG X168 Cost Group"", each row carrying a ""Code"", a ""Parent Code"" identifying its immediate parent cost center (blank for a top-level cost center), and a ""Name"". Table ""CG X168 Cost Entry"" holds individual cost postings, each carrying an ""Amount"" and the ""Group Code"" of the cost center it was posted against. Codeunit ""CG X168 Rollup Builder"" exposes"
CG-AL-X169	batch-post-slow-despite-caching	performance-diagnosis	diagnose;performance;per-line-lookup;sql-counters;cache-red-herring	reasoning-100	hand-authored	diagnose.md	6	Codeunit:1,Table:5	Y	71530	71535	71530,71531,71532,71533,71534,71535			Y	Disabled	89389	8	30	10	30	1	1	0	1	passk-n24-subset	"'The application prices batches of order lines before they are confirmed. Table ""CG X169 Batch Line"" holds one row per line of a batch, each carrying an Item No. and a Quantity. Table ""CG X169 Item"" holds each item''s current Unit Cost and its Price Group, and table ""CG X169 Price Rule"" holds the markup percentage for each Price Group - a Price Group with no matching rule contributes no markup. Ta"
CG-AL-X170	reversal-leaves-a-cent-behind	business-logic	diagnose;rounding;allocation;reversal;reconciliation;invariant;largest-remainder	reasoning-100	hand-authored	diagnose.md	4	Codeunit:1,Table:3	Y	71540	71543	71540,71541,71542,71543				Disabled	89390	26	30	26	30	4	4	5	5	measured-5trial	"'Codeunit ""CG X170 Charge Allocator"" spreads a ""CG X170 Charge Header"" record''s Total Amount across its ""CG X170 Cost Center"" records in proportion to each cost center''s Weight, storing each cost center''s share in its Allocated Amount, and marks the header Allocated. A cost center with a Weight of zero, within a charge that has other weight to allocate, is never entitled to any share and must a"
CG-AL-X171	invoice-total-disagrees-with-lines	business-logic	diagnose;rounding;fee;invoice;invariant;largest-remainder;mixed-basis	reasoning-100	hand-authored	diagnose.md	3	Codeunit:1,Table:2	Y	71550	71552	71550,71551,71552				Disabled	89391	23	30	23	30	2	2	5	5	passk-n24-subset	"'Codeunit ""CG X171 Fee Allocator"" calculates a handling fee on a ""CG X171 Fee Invoice"": the invoice''s Total Handling Fee is its Handling Fee Pct applied to the sum of its lines'' own Net Amount, rounded to the nearest cent, and each line''s own Handling Fee is that line''s share of the Total Handling Fee in proportion to its own Net Amount, rounded down to the cent - whenever the shares do not di"
CG-AL-X172	units-and-cents-drift-apart	business-logic	diagnose;rounding;allocation;invariant;largest-remainder;multi-level;mixed-granularity	reasoning-100	hand-authored	diagnose.md	4	Codeunit:1,Table:3	Y	71560	71563	71560,71561,71562,71563				Disabled	89392	12	30	12	30	1	1	5	5	measured-5trial	"'Codeunit ""CG X172 Shipping Allocator"" splits a production order''s Total Units across its receiving ""CG X172 Warehouse"" records in proportion to each warehouse''s Weight, storing each warehouse''s whole-unit share in its Unit Share, and records that warehouse''s own Shipping Cost as its Unit Share times its Unit Cost. It then splits each warehouse''s own Shipping Cost across that warehouse''s ""CG"
CG-AL-X173	procurement-post-times-out	performance-diagnosis	diagnose;performance;composite;purchasing;per-row-lookup;sql-counters	reasoning-100	hand-authored	diagnose.md	13	Codeunit:4,Enum:1,Table:8	Y	71351	71574	71351,71352,71400,71401,71402,71420,71421,71422,71570,71571,71572,71573,71574			Y	Disabled	89393	7	30	7	30	0	0	1	1	irreducible-core-9,passk-n24-subset	"'The application supports a purchasing team that posts released requisitions into a purchase run. Table ""CG X156 Requisition"" holds each requisition''s ""No."", Description, Quantity, and Status (a requisition only ships once its Status is Released); codeunit ""CG X156 Requisition Mgt"" advances a requisition through submission, prepayment, and release. Table ""CG X158 Item"" holds each item''s ""No."" an"
CG-AL-X174	settlement-never-balances	business-logic	diagnose;composite;rounding;allocation;wallet-billing;cross-company;largest-remainder;cross-module	reasoning-100	hand-authored	diagnose.md	15	Codeunit:6,Enum:1,Table:8	Y	71440	71582	71440,71441,71442,71443,71460,71461,71462,71463,71470,71471,71472,71473,71580,71581,71582				Disabled	89394	16	30	16	30	1	1	5	5	passk-n24-subset	"'This application manages metered usage across multiple companies, wallet-based billing for what each meter''s owner is charged, and branch-level account reporting. Meter readings recorded in each company are gathered into a single collected list (""CG X162 Collected Reading"") by meter number, and ""CG X163 Branch Ledger"" tracks amounts recorded per account per branch, which are combined into a grou"
